{
    "iterations": 1000,
    "best_distance": 1.6836354924950105,
    "parameters": {
        "omega": 10,
        "a": {
            "0": 1.8870414850363069,
            "2": 1.659245082536554,
            "4": 0.4800736198520049,
            "6": 4.903776393934229,
            "1": 1.8497326328269352,
            "3": 0.1398369030883867,
            "5": 0.5631077013547492,
            "7": 1.3899747405847902
        },
        "b": {
            "0": 0.4809848103909697,
            "2": 7.6525661705381784,
            "4": 10,
            "6": 2.8213129024865045,
            "1": 9.515911605397369,
            "3": 10,
            "5": 0.9063723197903297,
            "7": 7.942866178341255
        },
        "c": {
            "0": 0.18079837249321962,
            "2": 1.5503937717549778,
            "4": 3.380566787667245,
            "6": 0.2446329486779817,
            "1": 1.601631151180949,
            "3": 4.728461839459165,
            "5": 2.2812708784528706,
            "7": 4.190421625218615
        }
    }
}