{
    "run_name": "inspiring_rose",
    "best_distance_traveled_m": 1.2482858884853594,
    "gait_parameters_deg": {
        "0": {
            "a": 4.520984833983935,
            "b": 10,
            "c": 0.3581566546431958
        },
        "2": {
            "a": 1.4204260743579535,
            "b": 5.067805352767056,
            "c": 4.0054670971272515
        },
        "4": {
            "a": 0.3328428327393753,
            "b": 1.139937091977267,
            "c": 1.657992278373575
        },
        "6": {
            "a": 5.268781727371886,
            "b": 10,
            "c": 2.335536091088649
        },
        "1": {
            "a": 0.6002281580597215,
            "b": 0.18719847342872087,
            "c": 4.087957619147254
        },
        "3": {
            "a": 0.0235502814228617,
            "b": 10,
            "c": 1.1728458042359673
        },
        "5": {
            "a": 0.30903105041546886,
            "b": 0.02060473009338811,
            "c": 6.27228581980982
        },
        "7": {
            "a": 0.2853363408432711,
            "b": 0.015483199653368498,
            "c": 2.5609731461236684
        }
    },
    "omega": 10,
    "timestamp": "2024-12-09T17:12:00.626215"
}