{
    "run_name": "joyful_wind",
    "best_distance_traveled_m": 1.280512603368522,
    "gait_parameters_deg": {
        "0": {
            "a": 0.43607948178779354,
            "b": 0.9281746366858502,
            "c": 3.157025022213128
        },
        "2": {
            "a": 0.3432058949469633,
            "b": 10,
            "c": 3.475100091388075
        },
        "4": {
            "a": 4.970557298528705,
            "b": 10,
            "c": 1.6148803067029371
        },
        "6": {
            "a": 2.108033210896829,
            "b": 0.03818399625989034,
            "c": 0.8701396100080059
        },
        "1": {
            "a": 0.33873526376726315,
            "b": 0.3578020470693045,
            "c": 1.8997634208867584
        },
        "3": {
            "a": 0.6557217919634016,
            "b": 7.043973042755909,
            "c": 4.3028020482751455
        },
        "5": {
            "a": 2.8036541504607992,
            "b": 5.622307178907982,
            "c": 1.2791370205409835
        },
        "7": {
            "a": 6.809176059759966,
            "b": 10,
            "c": 5.447650461670005
        }
    },
    "omega": 9.659480344865527,
    "timestamp": "2024-12-11T19:20:57.772360"
}