{
    "best_distance_traveled_m": 3.8809880228801283,
    "gait_parameters_deg": {
        "0": {
            "a": 0.011699337515144723,
            "b": 10,
            "c": 5.25691873752751
        },
        "2": {
            "a": 0.08198732776215989,
            "b": 10,
            "c": 1.8800836911278935
        },
        "4": {
            "a": 0.001688098710305485,
            "b": 0.023331500565271727,
            "c": 0.8125825933552839
        },
        "6": {
            "a": 0.03541759010560108,
            "b": 10,
            "c": 3.009515722280973
        },
        "1": {
            "a": 0.23124018328541712,
            "b": 0.016895344264973206,
            "c": 0.2786991697658987
        },
        "3": {
            "a": 0.9599459263372515,
            "b": 0.06813505196211797,
            "c": 3.032286427097498
        },
        "5": {
            "a": 0.01128548199595196,
            "b": 9.532156928471903,
            "c": 0.6907891814206373
        },
        "7": {
            "a": 1.7548243951755478,
            "b": 1.7634352476153219,
            "c": 3.046053977114827
        }
    },
    "omega": 10
}