{
    "duration": 5,
    "best_distance_m": 1.0377622211615203,
    "best_speed_m_s": 0.20755244423230407,
    "total_time_s": 59.92597031593323,
    "parameters": {
        "omega": 10,
        "a": {
            "0": 3.3308427552052384,
            "2": 2.8893885969724917,
            "4": 6.955655522338605,
            "6": 0.5591035851543864,
            "1": 7.845631499908139,
            "3": 2.584289039793388,
            "5": 2.3055508007094505,
            "7": 10
        },
        "b": {
            "0": 10,
            "2": 2.798700596636463,
            "4": 4.66617837950753,
            "6": 0.26927486851622556,
            "1": 10,
            "3": 9.613330969981973,
            "5": 0.24402746795692806,
            "7": 3.2534173239493454
        },
        "c": {
            "0": 2.4606272734071304,
            "2": 4.470552229864005,
            "4": 5.776834100706836,
            "6": 4.326514861752692,
            "1": 5.874877492827869,
            "3": 1.5338259665575364,
            "5": 0.6597727501174742,
            "7": 5.71975528064335
        }
    }
}