{
    "run_name": "marvelous_daisy",
    "best_distance_traveled_m": 0.2968239319928577,
    "gait_parameters_deg": {
        "0": {
            "a": 0.7720171292563853,
            "b": 4.057548676940129,
            "c": 3.8768367497896428
        },
        "2": {
            "a": 3.9853733629983457,
            "b": 10,
            "c": 5.421268611031106
        },
        "4": {
            "a": 0.2982339677320992,
            "b": 7.462636371533209,
            "c": 3.861424332891648
        },
        "6": {
            "a": 10,
            "b": 0.3304763458973956,
            "c": 2.7784706936192762
        },
        "1": {
            "a": 1.7580656931535648,
            "b": 0.2626628975145059,
            "c": 1.4362026663911855
        },
        "3": {
            "a": 0.64647945028682,
            "b": 0.13279538666705704,
            "c": 1.0953259160952697
        },
        "5": {
            "a": 2.186437508566148,
            "b": 1.386597510677203,
            "c": 3.8239808473564487
        },
        "7": {
            "a": 5.707698521254045,
            "b": 2.749084573573568,
            "c": 2.0591236487466027
        }
    },
    "omega": 10,
    "timestamp": "2024-12-09T17:05:44.738754"
}