{
    "iterations": 500,
    "best_distance": 1.5276600372159397,
    "parameters": {
        "omega": 10,
        "a": {
            "0": 2.5104524096566205,
            "2": 5.034686601443664,
            "4": 1.115130154123756,
            "6": 1.8853700660905899,
            "1": 4.962416159467045,
            "3": 6.886002856613012,
            "5": 4.841148287569363,
            "7": 1.4396906966581637
        },
        "b": {
            "0": 10,
            "2": 7.956345207499141,
            "4": 10,
            "6": 2.5824102745410413,
            "1": 3.627848685523601,
            "3": 4.789916258950319,
            "5": 0.1377050146890725,
            "7": 1.6889332687117478
        },
        "c": {
            "0": 3.4586379485693044,
            "2": 6.237695031589456,
            "4": 2.414438086265788,
            "6": 5.527587238399448,
            "1": 1.2948044514030492,
            "3": 3.9961049802813484,
            "5": 0.8330669327512226,
            "7": 5.420035642657725
        }
    }
}