{
    "iterations": 2000,
    "best_distance": 2.339680074814511,
    "parameters": {
        "omega": 10,
        "a": {
            "0": 2.054194146138597,
            "2": 6.395993819867696,
            "4": 5.777895940994988,
            "6": 5.520544201098655,
            "1": 0.08608749251835017,
            "3": 0.7947828388625452,
            "5": 9.284213923428975,
            "7": 1.522899002536099
        },
        "b": {
            "0": 10,
            "2": 10,
            "4": 10,
            "6": 6.807993573497399,
            "1": 10,
            "3": 1.4221525576604166,
            "5": 2.074006053152515,
            "7": 10
        },
        "c": {
            "0": 5.770552310539006,
            "2": 1.667329574866728,
            "4": 4.231786641628663,
            "6": 3.2528237843859085,
            "1": 2.9620922615201195,
            "3": 4.962887029320999,
            "5": 5.849372608572308,
            "7": 2.9975781852050307
        }
    }
}