{
    "iterations": 250,
    "best_distance": 0.69240395375933,
    "parameters": {
        "omega": 10,
        "a": {
            "0": 1.0629230239914955,
            "2": 0.7187490622932035,
            "4": 3.2459622249937654,
            "6": 3.801851666238811,
            "1": 7.432543955125048,
            "3": 7.553342856208916,
            "5": 10,
            "7": 1.1602314748578508
        },
        "b": {
            "0": 10,
            "2": 1.2400603562245087,
            "4": 0.8939585299713553,
            "6": 4.702627657268469,
            "1": 0.4487599675920225,
            "3": 0.7094220816513973,
            "5": 0.2544070411709805,
            "7": 2.376338485725646
        },
        "c": {
            "0": 2.2332617801360293,
            "2": 2.097876626392262,
            "4": 5.826459264470784,
            "6": 1.9333973861153986,
            "1": 2.455292826764156,
            "3": 4.629416443859977,
            "5": 4.961028538699416,
            "7": 3.3399915442454393
        }
    }
}