{
    "iterations": 250,
    "best_distance": 2.061356564524744,
    "parameters": {
        "omega": 10,
        "a": {
            "0": 4.38840987628888,
            "2": 10,
            "4": 3.6562435986532043,
            "6": 3.9047948383858815,
            "1": 3.482749457659713,
            "3": 0.25663415677403045,
            "5": 2.218089517109784,
            "7": 0.578649899334551
        },
        "b": {
            "0": 10,
            "2": 10,
            "4": 10,
            "6": 10,
            "1": 0.6280531734848476,
            "3": 0.22158131421086233,
            "5": 7.334340539127123,
            "7": 2.4226306111708578
        },
        "c": {
            "0": 1.6150539522680756,
            "2": 4.67252859622392,
            "4": 2.7459256855390546,
            "6": 5.177400737441371,
            "1": 5.034886153235773,
            "3": 2.4512934829863475,
            "5": 2.5013442713217895,
            "7": 0.36883745612247765
        }
    }
}