{
    "run_name": "zippy_ripple",
    "best_distance_traveled_m": 2.013188910005468,
    "gait_parameters_deg": {
        "0": {
            "a": 1.8874937429823473,
            "b": 2.4370623533248525,
            "c": 1.22203094971759
        },
        "2": {
            "a": 4.691261301894929,
            "b": 10,
            "c": 5.360096628270225
        },
        "4": {
            "a": 3.1535490369837147,
            "b": 0.32241342940770507,
            "c": 0.6063363024143538
        },
        "6": {
            "a": 6.582860962448471,
            "b": 10,
            "c": 5.207465921095249
        },
        "1": {
            "a": 2.112778748920304,
            "b": 10,
            "c": 5.416827657468728
        },
        "3": {
            "a": 2.9048469034943616,
            "b": 10,
            "c": 3.4613572270631288
        },
        "5": {
            "a": 0.820076095734532,
            "b": 10,
            "c": 2.995792567729545
        },
        "7": {
            "a": 4.004616486775825,
            "b": 4.3941667203286485,
            "c": 4.872819387550366
        }
    },
    "omega": 10,
    "timestamp": "2024-12-11T18:43:20.339249"
}