{
    "iterations": 2000,
    "best_distance": 1.6954087214221698,
    "parameters": {
        "omega": 10,
        "a": {
            "0": 0.8154495688400039,
            "2": 1.7146987507774658,
            "4": 7.931110014109698,
            "6": 1.0264192363577738,
            "1": 10,
            "3": 0.5822927129800463,
            "5": 4.420046179368624,
            "7": 9.252280282676702
        },
        "b": {
            "0": 10,
            "2": 6.4442252331897,
            "4": 1.4709809617790444,
            "6": 8.006303047562872,
            "1": 0.9838319060045385,
            "3": 9.760288608645393,
            "5": 2.480300104809755,
            "7": 2.2064890615114834
        },
        "c": {
            "0": 0.785598987198675,
            "2": 4.256123547123266,
            "4": 6.266872415269274,
            "6": 1.5762413361119636,
            "1": 4.825369739037123,
            "3": 0.5251292367446485,
            "5": 1.3401346624020283,
            "7": 5.023059831829759
        }
    }
}