{
    "run_name": "bubbly_fog",
    "best_distance_traveled_m": 1.653871185194794,
    "gait_parameters_deg": {
        "0": {
            "a": 2.468283397364191,
            "b": 3.613831533173722,
            "c": 4.314411945309882
        },
        "2": {
            "a": 1.2178891312042337,
            "b": 10,
            "c": 0.47392256902880003
        },
        "4": {
            "a": 5.430735636958101,
            "b": 10,
            "c": 3.322903696530261
        },
        "6": {
            "a": 1.0408559397758228,
            "b": 4.0874391839562145,
            "c": 1.7045248176608263
        },
        "1": {
            "a": 3.3823148608683202,
            "b": 6.577856112220421,
            "c": 0.5691495898534278
        },
        "3": {
            "a": 5.0536806259180995,
            "b": 3.839443674880921,
            "c": 1.7650668010303967
        },
        "5": {
            "a": 3.462490593812579,
            "b": 2.7762275894092836,
            "c": 5.143272085873509
        },
        "7": {
            "a": 6.2013435071449905,
            "b": 10,
            "c": 2.466541148015663
        }
    },
    "omega": 9.38247876126654,
    "timestamp": "2024-12-11T21:13:31.230471"
}