{
    "iterations": 500,
    "best_distance": 1.3117487181766754,
    "parameters": {
        "omega": 9.645095323479788,
        "a": {
            "0": 4.1341583572739715,
            "2": 0.6835306140683035,
            "4": 9.57875047437412,
            "6": 3.5204378652596424,
            "1": 4.243161910864131,
            "3": 1.7476553915955266,
            "5": 3.6706266764123585,
            "7": 0.9107170675735333
        },
        "b": {
            "0": 5.52411506863091,
            "2": 2.760622956255939,
            "4": 10,
            "6": 9.543317785135413,
            "1": 10,
            "3": 1.4238523427088396,
            "5": 2.9394491457467895,
            "7": 2.149357441881664
        },
        "c": {
            "0": 1.7146887931860206,
            "2": 1.5045334325054975,
            "4": 5.805197332903216,
            "6": 4.148902871345669,
            "1": 4.595870513747002,
            "3": 3.8100962323094407,
            "5": 5.107601796431426,
            "7": 6.200110291203453
        }
    }
}