{
    "run_name": "courageous_prairie",
    "best_distance_traveled_m": 1.5876439255154409,
    "gait_parameters_deg": {
        "0": {
            "a": 4.490096529173727,
            "b": 8.492151348459666,
            "c": 4.607466947823459
        },
        "2": {
            "a": 0.23533536343305478,
            "b": 0.08739173962494674,
            "c": 0.41203092816488507
        },
        "4": {
            "a": 3.6552431527308467,
            "b": 10,
            "c": 3.058264177005155
        },
        "6": {
            "a": 4.364093411802332,
            "b": 2.5247044621833252,
            "c": 5.400576010323749
        },
        "1": {
            "a": 1.158688925107196,
            "b": 10,
            "c": 2.1149643248443617
        },
        "3": {
            "a": 3.7492030094746025,
            "b": 0.014182392637005024,
            "c": 1.6647050124671265
        },
        "5": {
            "a": 3.453736996351727,
            "b": 6.540283453162026,
            "c": 3.0146205077972787
        },
        "7": {
            "a": 0.6138759518441377,
            "b": 3.8574453342473145,
            "c": 4.211842439006432
        }
    },
    "omega": 10,
    "timestamp": "2024-12-11T00:15:35.060889"
}