{
    "run_name": "independent_pine",
    "best_distance_traveled_m": 2.430443711919239,
    "gait_parameters_deg": {
        "0": {
            "a": 6.933836532683547,
            "b": 10,
            "c": 5.630734125596618
        },
        "2": {
            "a": 4.515388178140407,
            "b": 7.836180842916205,
            "c": 2.274291892114137
        },
        "4": {
            "a": 9.926057138406048,
            "b": 10,
            "c": 4.538331985833553
        },
        "6": {
            "a": 5.543428444036827,
            "b": 9.772339991210309,
            "c": 1.018593540469647
        },
        "1": {
            "a": 1.7560042582138242,
            "b": 10,
            "c": 2.543513264674978
        },
        "3": {
            "a": 5.397457294605959,
            "b": 5.587900454601627,
            "c": 6.085091093230597
        },
        "5": {
            "a": 10,
            "b": 10,
            "c": 5.309276015799217
        },
        "7": {
            "a": 3.351770818478774,
            "b": 3.6145108304058065,
            "c": 0.4722884149832405
        }
    },
    "omega": 10,
    "timestamp": "2024-12-11T18:01:44.168349"
}