{
    "run_name": "independent_stream",
    "best_distance_traveled_m": 1.2923109541918913,
    "gait_parameters_deg": {
        "0": {
            "a": 0.5755688414213307,
            "b": 2.131185192596755,
            "c": 4.835685169483561
        },
        "2": {
            "a": 6.802732016395542,
            "b": 10,
            "c": 3.023026733530976
        },
        "4": {
            "a": 0.010120591045963002,
            "b": 8.482298552860222,
            "c": 0.9668736797362989
        },
        "6": {
            "a": 10,
            "b": 0.08006141452205139,
            "c": 4.173750282613572
        },
        "1": {
            "a": 0.0013418356005661797,
            "b": 0.03623488384357432,
            "c": 0.7022703938780115
        },
        "3": {
            "a": 0.11673907915592668,
            "b": 0.25960840263765594,
            "c": 0.33404085569130615
        },
        "5": {
            "a": 0.006779824123194868,
            "b": 0.0455481796388687,
            "c": 5.579078415107643
        },
        "7": {
            "a": 1.725311620697231,
            "b": 10,
            "c": 4.479530158285305
        }
    },
    "omega": 10,
    "timestamp": "2024-12-09T11:21:06.910455"
}