{
    "duration": 2.5,
    "best_distance_m": 0.2649362857995429,
    "best_speed_m_s": 0.10597451431981716,
    "total_time_s": 42.31603789329529,
    "parameters": {
        "omega": 6.341669544251184,
        "a": {
            "0": 1.6141216757997714,
            "2": 10,
            "4": 8.97097364871145,
            "6": 0.3222020441123732,
            "1": 2.113071345548364,
            "3": 10,
            "5": 10,
            "7": 4.136181227224116
        },
        "b": {
            "0": 0.7248606787280389,
            "2": 1.8563875134406094,
            "4": 2.9815052758564704,
            "6": 5.488170990418903,
            "1": 7.169249770841539,
            "3": 2.678076518341207,
            "5": 8.57453968552505,
            "7": 7.483725697424931
        },
        "c": {
            "0": 3.2014261735222718,
            "2": 1.4947949397295002,
            "4": 1.1166586740241158,
            "6": 5.058621630936209,
            "1": 4.270035530866377,
            "3": 4.951604675700647,
            "5": 3.73670698893914,
            "7": 0.797270562335072
        }
    }
}