{
    "iterations": 250,
    "best_distance": 1.2975353209960434,
    "parameters": {
        "omega": 9.625789961152929,
        "a": {
            "0": 2.8328265471748515,
            "2": 10,
            "4": 2.1371260144160473,
            "6": 0.9335395552487831,
            "1": 1.606010937889844,
            "3": 0.7339706026943718,
            "5": 1.2187715704256648,
            "7": 1.7660948625290631
        },
        "b": {
            "0": 1.0356433387223756,
            "2": 9.27869763221001,
            "4": 8.917995981391101,
            "6": 10,
            "1": 4.183055367715584,
            "3": 7.626061448552161,
            "5": 1.8714126364567918,
            "7": 1.7936609564706756
        },
        "c": {
            "0": 4.006035771164473,
            "2": 0.030477369356141537,
            "4": 2.584652798106408,
            "6": 6.083127482539483,
            "1": 0.7017513858375395,
            "3": 3.611490236256781,
            "5": 6.108631626419324,
            "7": 3.1761460207116734
        }
    }
}