{
    "run_name": "adventurous_breeze",
    "best_distance_traveled_m": 1.689301205879801,
    "gait_parameters_deg": {
        "0": {
            "a": 4.427678967279123,
            "b": 10,
            "c": 1.6052315220632325
        },
        "2": {
            "a": 0.053565627049810285,
            "b": 0.22106321981247148,
            "c": 2.9711484135206163
        },
        "4": {
            "a": 1.562792576158782,
            "b": 10,
            "c": 0.80382068588154
        },
        "6": {
            "a": 1.4335325189560901,
            "b": 10,
            "c": 4.250792584316372
        },
        "1": {
            "a": 1.9637413850707244,
            "b": 7.526531360871926,
            "c": 5.053610302943742
        },
        "3": {
            "a": 1.1577565200364917,
            "b": 10,
            "c": 3.312319139939678
        },
        "5": {
            "a": 0.7561576313009092,
            "b": 2.7945630370176193,
            "c": 1.9794033662889063
        },
        "7": {
            "a": 2.538461986525862,
            "b": 10,
            "c": 5.253639924905123
        }
    },
    "omega": 10,
    "timestamp": "2024-12-11T19:43:08.744036"
}