{
    "iterations": 2000,
    "best_distance": 1.0908485022526997,
    "parameters": {
        "omega": 10,
        "a": {
            "0": 2.2829652301411043,
            "2": 0.14130904931875488,
            "4": 0.6226240889198735,
            "6": 3.325609964095922,
            "1": 3.537648614863402,
            "3": 5.21820575109834,
            "5": 4.619858380146988,
            "7": 4.501705723325874
        },
        "b": {
            "0": 10,
            "2": 1.5553069079503254,
            "4": 0.535261401316152,
            "6": 4.877518828255754,
            "1": 0.4333663490847741,
            "3": 0.38038083101211567,
            "5": 10,
            "7": 10
        },
        "c": {
            "0": 0.18747144620312195,
            "2": 1.5177459129102298,
            "4": 0.7550817732661166,
            "6": 5.159957935129384,
            "1": 5.3366360987554735,
            "3": 1.7633748562090208,
            "5": 2.6490988942229983,
            "7": 4.603404927729969
        }
    }
}