Configuration,Mean Distance (m),Std Distance (m)
1000x1,2.06540437028134,0.0
500x2,1.6636048513219364,0.0
250x4,1.7603553502601037,0.0
125x8,1.9653416892472737,0.0
