{
    "iterations": 1000,
    "best_distance": 1.844556080927576,
    "parameters": {
        "omega": 10,
        "a": {
            "0": 0.7537142496057658,
            "2": 2.9060740551711115,
            "4": 0.8036130763755802,
            "6": 0.24596005293372897,
            "1": 4.108101601888816,
            "3": 1.3471042133961122,
            "5": 1.6368787136900274,
            "7": 0.5588786069707312
        },
        "b": {
            "0": 10,
            "2": 6.155803592274822,
            "4": 5.45222270473767,
            "6": 9.52386491124631,
            "1": 0.019463432148998573,
            "3": 10,
            "5": 10,
            "7": 6.811518776741964
        },
        "c": {
            "0": 2.9148554192056846,
            "2": 0.15978417013277557,
            "4": 5.558337853327211,
            "6": 1.914183036786282,
            "1": 2.979031728728714,
            "3": 4.278594352206051,
            "5": 5.922530055731684,
            "7": 1.7139519409912802
        }
    }
}