{
    "iterations": 4000,
    "best_distance": 2.2808507868086902,
    "parameters": {
        "omega": 10,
        "a": {
            "0": 1.0171947186719077,
            "2": 5.810339872221444,
            "4": 9.274375625625018,
            "6": 0.10367223490167458,
            "1": 0.8668743654998557,
            "3": 1.8990833704389485,
            "5": 3.271323224975797,
            "7": 1.8341478037319903
        },
        "b": {
            "0": 10,
            "2": 2.7097182989732658,
            "4": 5.513745100692685,
            "6": 1.8458148940365589,
            "1": 10,
            "3": 10,
            "5": 10,
            "7": 10
        },
        "c": {
            "0": 1.67586687703891,
            "2": 3.740834391923091,
            "4": 0.8554995184730867,
            "6": 4.237726888004534,
            "1": 4.815396447070768,
            "3": 1.2698171361228674,
            "5": 0.9928738260654875,
            "7": 3.613461499599671
        }
    }
}