{
    "2000": {
        "distances": [
            2.339680074814511,
            1.6954087214221698,
            1.0908485022526997
        ],
        "times": [
            470.8887906074524,
            461.14690709114075,
            446.00314021110535
        ]
    },
    "4000": {
        "distances": [
            2.2808507868086902
        ],
        "times": [
            885.9287531375885
        ]
    }
}