{
    "duration": 10,
    "best_distance_m": 1.0784317110811144,
    "best_speed_m_s": 0.10784317110811144,
    "total_time_s": 104.93533778190613,
    "parameters": {
        "omega": 10,
        "a": {
            "0": 4.371725384370359,
            "2": 6.1721598606549275,
            "4": 2.6484054584854135,
            "6": 3.8124013548108815,
            "1": 6.705381688142916,
            "3": 3.7611890947583784,
            "5": 10,
            "7": 1.4916968197383533
        },
        "b": {
            "0": 0.12561424817338898,
            "2": 1.6594356141583726,
            "4": 10,
            "6": 7.217422556405305,
            "1": 5.779870962159301,
            "3": 10,
            "5": 10,
            "7": 6.743550185815281
        },
        "c": {
            "0": 1.5642520863975227,
            "2": 1.1281370464569385,
            "4": 3.278634563261731,
            "6": 5.13372409929336,
            "1": 0.989012521649002,
            "3": 3.1211422304385117,
            "5": 3.220841825866671,
            "7": 2.0286961287286385
        }
    }
}