{
    "iterations": 500,
    "best_distance": 1.2973414779676073,
    "parameters": {
        "omega": 10,
        "a": {
            "0": 10,
            "2": 3.1610434119940862,
            "4": 1.9287325977002108,
            "6": 10,
            "1": 0.13399362387458447,
            "3": 0.6332660905556985,
            "5": 4.0865594174670195,
            "7": 5.990719018699458
        },
        "b": {
            "0": 0.6504593113066905,
            "2": 10,
            "4": 8.581429797546228,
            "6": 1.794694854055499,
            "1": 1.6763570440780076,
            "3": 10,
            "5": 4.069399231181569,
            "7": 9.15954860438584
        },
        "c": {
            "0": 4.330580626920868,
            "2": 2.277629998372369,
            "4": 3.857190269186871,
            "6": 5.349606176316225,
            "1": 1.9801563693765338,
            "3": 4.674060351422771,
            "5": 1.5618343872095277,
            "7": 3.4281195886735922
        }
    }
}