{
    "duration": 1.25,
    "best_distance_m": 0.3422316127360587,
    "best_speed_m_s": 0.27378529018884695,
    "total_time_s": 37.177639961242676,
    "parameters": {
        "omega": 8.40479692389753,
        "a": {
            "0": 0.9722660868140949,
            "2": 10,
            "4": 2.5204952755960828,
            "6": 0.8988700408963717,
            "1": 1.045937109155413,
            "3": 2.4149462867981235,
            "5": 0.3805862080035415,
            "7": 6.226444610182697
        },
        "b": {
            "0": 4.386033721251163,
            "2": 1.8698226039507397,
            "4": 9.78985784223627,
            "6": 8.662543779868923,
            "1": 0.6088436106249666,
            "3": 10,
            "5": 10,
            "7": 1.1216382618210612
        },
        "c": {
            "0": 4.548667960900165,
            "2": 4.88549359788955,
            "4": 4.639584322049885,
            "6": 5.021751431355055,
            "1": 3.0447707837893443,
            "3": 5.686873716756606,
            "5": 1.4172090589137918,
            "7": 3.135508938291709
        }
    }
}