{
    "iterations": 1000,
    "best_distance": 1.5988200682078102,
    "parameters": {
        "omega": 10,
        "a": {
            "0": 4.287844592636906,
            "2": 2.5919464161185823,
            "4": 7.402440323297401,
            "6": 1.0974426242511763,
            "1": 7.452668397712458,
            "3": 0.09773953157272625,
            "5": 1.2488366911792794,
            "7": 3.81825937061393
        },
        "b": {
            "0": 10,
            "2": 3.3625549226458844,
            "4": 0.6803765699747262,
            "6": 10,
            "1": 0.113930838614373,
            "3": 10,
            "5": 1.1208918329650523,
            "7": 3.333350958421807
        },
        "c": {
            "0": 5.665980755033047,
            "2": 3.127846637419596,
            "4": 2.4270170947278835,
            "6": 5.666875791275899,
            "1": 4.814545255895466,
            "3": 5.681378586604723,
            "5": 1.1624153601002591,
            "7": 6.075783859985952
        }
    }
}