{
    "duration": 20,
    "best_distance_m": 4.094335954481095,
    "best_speed_m_s": 0.20471679772405477,
    "total_time_s": 181.40476393699646,
    "parameters": {
        "omega": 10,
        "a": {
            "0": 3.780972101588608,
            "2": 7.769689639502875,
            "4": 0.8679901428620772,
            "6": 1.0716426450301029,
            "1": 4.256696314705936,
            "3": 6.9180311222999045,
            "5": 0.2618005346824689,
            "7": 2.330323740892655
        },
        "b": {
            "0": 10,
            "2": 6.732263246277746,
            "4": 10,
            "6": 8.658443318304943,
            "1": 6.915720174173817,
            "3": 8.684496460467251,
            "5": 1.876583268987222,
            "7": 1.6638541880931137
        },
        "c": {
            "0": 0.47139874247897673,
            "2": 4.451657752920646,
            "4": 1.2073752360822345,
            "6": 3.7972051051067446,
            "1": 4.497348531715781,
            "3": 2.2484563132379254,
            "5": 2.0236154458414717,
            "7": 3.4919176542583763
        }
    }
}